{
    "root_group": {
        "name": "",
        "path": "",
        "id": "d41d8cd98f00b204e9800998ecf8427e",
        "groups": {},
        "checks": {
                "200 OK": {
                    "id": "e9654c443eff553da9e69eda7007924e",
                    "passes": 0,
                    "fails": 10,
                    "name": "200 OK",
                    "path": "::200 OK"
                }
            }
    },
    "metrics": {
        "iteration_duration": {
            "p(90)": 6.300749999999999,
            "p(95)": 7.6505249999999965,
            "avg": 4.101809999999999,
            "min": 1.0035,
            "med": 3.9997,
            "max": 9.0003
        },
        "iterations": {
            "count": 10,
            "rate": 908.8265231932529
        },
        "checks": {
            "passes": 0,
            "fails": 10,
            "value": 0
        },
        "data_sent": {
            "count": 0,
            "rate": 0
        },
        "data_received": {
            "count": 0,
            "rate": 0
        }
    }
}