{
    "metrics": {
        "data_received": {
            "count": 25160556,
            "rate": 83579.31764710727
        },
        "http_req_sending": {
            "min": 0,
            "med": 0,
            "max": 4.5956,
            "p(90)": 0.5216,
            "p(95)": 0.5443,
            "avg": 0.07165900803763971
        },
        "vus_max": {
            "value": 5000,
            "min": 5000,
            "max": 5000
        },
        "http_req_tls_handshaking": {
            "avg": 4.5834925308763,
            "min": 0,
            "med": 4.4475,
            "max": 25.9098,
            "p(90)": 5.0961,
            "p(95)": 5.4282
        },
        "http_req_duration": {
            "p(95)": 27.2265,
            "avg": 21.515597216232077,
            "min": 3.363,
            "med": 20.834,
            "max": 72.6101,
            "p(90)": 24.9434
        },
        "http_req_connecting": {
            "max": 58.2257,
            "p(90)": 3.7547,
            "p(95)": 3.894,
            "avg": 3.4474183689472753,
            "min": 0,
            "med": 3.4701
        },
        "iteration_duration": {
            "min": 1011.5936,
            "med": 1029.4516,
            "max": 1091.3265,
            "p(90)": 1034.0559,
            "p(95)": 1036.4217,
            "avg": 1030.3677292295642
        },
        "http_req_failed": {
            "passes": 0,
            "fails": 5101,
            "value": 0
        },
        "http_req_blocked": {
            "p(90)": 8.7454,
            "p(95)": 9.1004,
            "avg": 8.11228235640067,
            "min": 0,
            "med": 7.9673,
            "max": 62.854
        },
        "http_reqs": {
            "count": 5101,
            "rate": 16.944701035934745
        },
        "http_req_receiving": {
            "avg": 1.30651983924721,
            "min": 0,
            "med": 0.1013,
            "max": 50.0244,
            "p(90)": 3.0967,
            "p(95)": 9.0108
        },
        "checks": {
            "passes": 5101,
            "fails": 61212,
            "value": 0.07692307692307693
        },
        "data_sent": {
            "count": 3615118,
            "rate": 12008.840172441942
        },
        "http_req_waiting": {
            "max": 71.8278,
            "p(90)": 23.8528,
            "p(95)": 26.3153,
            "avg": 20.137418368947234,
            "min": 2.8324,
            "med": 20.2693
        },
        "http_req_duration{expected_response:true}": {
            "min": 3.363,
            "med": 20.834,
            "max": 72.6101,
            "p(90)": 24.9434,
            "p(95)": 27.2265,
            "avg": 21.515597216232077
        },
        "vus": {
            "value": 14,
            "min": 5,
            "max": 19
        },
        "iterations": {
            "count": 5101,
            "rate": 16.944701035934745
        }
    },
    "root_group": {
        "name": "",
        "path": "",
        "id": "d41d8cd98f00b204e9800998ecf8427e",
        "groups": {},
        "checks": {
                "200 OK": {
                    "name": "200 OK",
                    "path": "::200 OK",
                    "id": "e9654c443eff553da9e69eda7007924e",
                    "passes": 5101,
                    "fails": 0
                },
                "201 Created": {
                    "name": "201 Created",
                    "path": "::201 Created",
                    "id": "728dcd977aae263ca314731145e1d447",
                    "passes": 0,
                    "fails": 5101
                },
                "204 No Content": {
                    "name": "204 No Content",
                    "path": "::204 No Content",
                    "id": "54fa3c2eda34e1622fda2da5e0479fc5",
                    "passes": 0,
                    "fails": 5101
                },
                "400 Bad Request": {
                    "name": "400 Bad Request",
                    "path": "::400 Bad Request",
                    "id": "eeae81934b9b58bccaf0184a6d070338",
                    "passes": 0,
                    "fails": 5101
                },
                "401 Unauthorized": {
                    "fails": 5101,
                    "name": "401 Unauthorized",
                    "path": "::401 Unauthorized",
                    "id": "6ae9254e6aefe7f0bafe5102fa7e20a5",
                    "passes": 0
                },
                "403 Forbidden": {
                    "name": "403 Forbidden",
                    "path": "::403 Forbidden",
                    "id": "655548b761742c5a7ad15aa7df3a5d9c",
                    "passes": 0,
                    "fails": 5101
                },
                "404 Not Found": {
                    "id": "df1528f9925ca236bac51008f77b774a",
                    "passes": 0,
                    "fails": 5101,
                    "name": "404 Not Found",
                    "path": "::404 Not Found"
                },
                "422 Unprocessable Content": {
                    "name": "422 Unprocessable Content",
                    "path": "::422 Unprocessable Content",
                    "id": "d94c37ab64a32602add978a71bd22822",
                    "passes": 0,
                    "fails": 5101
                },
                "429 Too Many Requests": {
                    "name": "429 Too Many Requests",
                    "path": "::429 Too Many Requests",
                    "id": "b810c35b9499cc7342fd415032e3a6aa",
                    "passes": 0,
                    "fails": 5101
                },
                "500 Internal Server Error": {
                    "name": "500 Internal Server Error",
                    "path": "::500 Internal Server Error",
                    "id": "3cd96245b24e869810efe46d533b0eef",
                    "passes": 0,
                    "fails": 5101
                },
                "502 Bad Gateway": {
                    "id": "712cb0ec189a11f31f0d6d0c0031b569",
                    "passes": 0,
                    "fails": 5101,
                    "name": "502 Bad Gateway",
                    "path": "::502 Bad Gateway"
                },
                "503 Service Unavailable": {
                    "name": "503 Service Unavailable",
                    "path": "::503 Service Unavailable",
                    "id": "f1ea1a22be0dc738c385523a66ea1cd9",
                    "passes": 0,
                    "fails": 5101
                },
                "504 Gateway Timeout": {
                    "passes": 0,
                    "fails": 5101,
                    "name": "504 Gateway Timeout",
                    "path": "::504 Gateway Timeout",
                    "id": "218efb729cb654723ccd57c6ebbebe29"
                }
            }
    }
}