{
    "metrics": {
        "http_req_sending": {
            "avg": 0.070663,
            "min": 0,
            "med": 0,
            "max": 1.0042,
            "p(90)": 0,
            "p(95)": 0.9982
        },
        "http_req_duration": {
            "p(90)": 200.09300000000002,
            "p(95)": 208.674295,
            "avg": 127.25776200000001,
            "min": 37.7913,
            "med": 131.44205,
            "max": 220.0636
        },
        "http_req_waiting": {
            "p(90)": 199.33462,
            "p(95)": 208.674295,
            "avg": 126.97990600000001,
            "min": 37.7913,
            "med": 130.2803,
            "max": 220.0636
        },
        "http_req_failed": {
            "passes": 1,
            "fails": 99,
            "value": 0.01
        },
        "http_req_duration{expected_response:true}": {
            "max": 220.0636,
            "p(90)": 200.1105,
            "p(95)": 208.85378999999998,
            "avg": 128.02277878787882,
            "min": 37.7913,
            "med": 131.9386
        },
        "http_req_blocked": {
            "avg": 32.39074700000001,
            "min": 9.9967,
            "med": 26.593049999999998,
            "max": 59.4813,
            "p(90)": 54.11958,
            "p(95)": 55.882035
        },
        "checks": {
            "passes": 99,
            "fails": 1188,
            "value": 0.07692307692307693
        },
        "http_req_receiving": {
            "med": 0,
            "max": 1.9146,
            "p(90)": 0.7616,
            "p(95)": 0.997095,
            "avg": 0.20719299999999996,
            "min": 0
        },
        "iterations": {
            "count": 100,
            "rate": 79.89654356367028
        },
        "http_req_tls_handshaking": {
            "p(90)": 48.0934,
            "p(95)": 49.59041499999999,
            "avg": 26.642122000000025,
            "min": 6.0003,
            "med": 21.093899999999998,
            "max": 54.2715
        },
        "http_req_connecting": {
            "med": 4.0001,
            "max": 7.0018,
            "p(90)": 5.9994,
            "p(95)": 6.0003,
            "avg": 4.368608,
            "min": 1.9988
        },
        "data_sent": {
            "count": 70800,
            "rate": 56566.75284307855
        },
        "vus": {
            "value": 99,
            "min": 99,
            "max": 99
        },
        "vus_max": {
            "value": 100,
            "min": 100,
            "max": 100
        },
        "data_received": {
            "count": 493087,
            "rate": 393959.46976179484
        },
        "iteration_duration": {
            "avg": 1151.1277719999998,
            "min": 110.1803,
            "med": 1176.3597,
            "max": 1250.6011,
            "p(90)": 1224.7812600000002,
            "p(95)": 1236.96394
        },
        "http_reqs": {
            "count": 100,
            "rate": 79.89654356367028
        }
    },
    "root_group": {
        "name": "",
        "path": "",
        "id": "d41d8cd98f00b204e9800998ecf8427e",
        "groups": {},
        "checks": {
                "200 OK": {
                    "passes": 99,
                    "fails": 0,
                    "name": "200 OK",
                    "path": "::200 OK",
                    "id": "e9654c443eff553da9e69eda7007924e"
                },
                "201 Created": {
                    "name": "201 Created",
                    "path": "::201 Created",
                    "id": "728dcd977aae263ca314731145e1d447",
                    "passes": 0,
                    "fails": 99
                },
                "204 No Content": {
                    "name": "204 No Content",
                    "path": "::204 No Content",
                    "id": "54fa3c2eda34e1622fda2da5e0479fc5",
                    "passes": 0,
                    "fails": 99
                },
                "400 Bad Request": {
                    "name": "400 Bad Request",
                    "path": "::400 Bad Request",
                    "id": "eeae81934b9b58bccaf0184a6d070338",
                    "passes": 0,
                    "fails": 99
                },
                "401 Unauthorized": {
                    "passes": 0,
                    "fails": 99,
                    "name": "401 Unauthorized",
                    "path": "::401 Unauthorized",
                    "id": "6ae9254e6aefe7f0bafe5102fa7e20a5"
                },
                "403 Forbidden": {
                    "name": "403 Forbidden",
                    "path": "::403 Forbidden",
                    "id": "655548b761742c5a7ad15aa7df3a5d9c",
                    "passes": 0,
                    "fails": 99
                },
                "404 Not Found": {
                    "id": "df1528f9925ca236bac51008f77b774a",
                    "passes": 0,
                    "fails": 99,
                    "name": "404 Not Found",
                    "path": "::404 Not Found"
                },
                "422 Unprocessable Content": {
                    "passes": 0,
                    "fails": 99,
                    "name": "422 Unprocessable Content",
                    "path": "::422 Unprocessable Content",
                    "id": "d94c37ab64a32602add978a71bd22822"
                },
                "429 Too Many Requests": {
                    "name": "429 Too Many Requests",
                    "path": "::429 Too Many Requests",
                    "id": "b810c35b9499cc7342fd415032e3a6aa",
                    "passes": 0,
                    "fails": 99
                },
                "500 Internal Server Error": {
                    "passes": 0,
                    "fails": 99,
                    "name": "500 Internal Server Error",
                    "path": "::500 Internal Server Error",
                    "id": "3cd96245b24e869810efe46d533b0eef"
                },
                "502 Bad Gateway": {
                    "path": "::502 Bad Gateway",
                    "id": "712cb0ec189a11f31f0d6d0c0031b569",
                    "passes": 0,
                    "fails": 99,
                    "name": "502 Bad Gateway"
                },
                "503 Service Unavailable": {
                    "path": "::503 Service Unavailable",
                    "id": "f1ea1a22be0dc738c385523a66ea1cd9",
                    "passes": 0,
                    "fails": 99,
                    "name": "503 Service Unavailable"
                },
                "504 Gateway Timeout": {
                    "name": "504 Gateway Timeout",
                    "path": "::504 Gateway Timeout",
                    "id": "218efb729cb654723ccd57c6ebbebe29",
                    "passes": 0,
                    "fails": 99
                }
            }
    }
}