{
    "metrics": {
        "http_req_duration{expected_response:true}": {
            "max": 15013.701,
            "p(90)": 1031.1567199999995,
            "p(95)": 14374.746399999998,
            "avg": 1157.6732529659623,
            "min": 26.4212,
            "med": 73.4685
        },
        "iteration_duration": {
            "avg": 5356.669653661583,
            "min": 1030.4055,
            "med": 1388.4792,
            "max": 19015.7682,
            "p(90)": 16062.163,
            "p(95)": 16167.0438
        },
        "http_reqs": {
            "count": 4001,
            "rate": 191.53500490111318
        },
        "http_req_receiving": {
            "min": 0,
            "med": 0,
            "max": 14.1821,
            "p(90)": 0.5195,
            "p(95)": 0.7307,
            "avg": 0.1343079730067483
        },
        "vus_max": {
            "value": 4000,
            "min": 4000,
            "max": 4000
        },
        "iterations": {
            "rate": 191.53500490111318,
            "count": 4001
        },
        "data_sent": {
            "count": 2832347,
            "rate": 135589.50175622423
        },
        "http_req_duration": {
            "avg": 4346.849165033742,
            "min": 26.2228,
            "med": 378.8606,
            "max": 18008.5875,
            "p(90)": 15051.8548,
            "p(95)": 15159.1344
        },
        "http_req_failed": {
            "passes": 916,
            "fails": 3085,
            "value": 0.22894276430892277
        },
        "data_received": {
            "count": 19634529,
            "rate": 939939.9170822416
        },
        "http_req_tls_handshaking": {
            "med": 4.9998,
            "max": 41.8384,
            "p(90)": 7.8335,
            "p(95)": 13.9993,
            "avg": 6.078817120719817,
            "min": 0
        },
        "http_req_sending": {
            "avg": 0.05125893526618344,
            "min": 0,
            "med": 0,
            "max": 6.0026,
            "p(90)": 0,
            "p(95)": 0.519
        },
        "http_req_waiting": {
            "min": 25.8751,
            "med": 378.8606,
            "max": 18008.5875,
            "p(90)": 15051.703,
            "p(95)": 15158.4536,
            "avg": 4346.663598125471
        },
        "vus": {
            "value": 173,
            "min": 173,
            "max": 1537
        },
        "checks": {
            "passes": 4001,
            "fails": 48012,
            "value": 0.07692307692307693
        },
        "http_req_connecting": {
            "med": 2.9835,
            "max": 32.1294,
            "p(90)": 3.4518,
            "p(95)": 3.9953,
            "avg": 2.9870002999250187,
            "min": 0
        },
        "http_req_blocked": {
            "avg": 9.151310247438134,
            "min": 0,
            "med": 7.995,
            "max": 44.0274,
            "p(90)": 11.0044,
            "p(95)": 17.2816
        }
    },
    "root_group": {
        "id": "d41d8cd98f00b204e9800998ecf8427e",
        "groups": {},
        "checks": {
                "200 OK": {
                    "name": "200 OK",
                    "path": "::200 OK",
                    "id": "e9654c443eff553da9e69eda7007924e",
                    "passes": 3085,
                    "fails": 916
                },
                "201 Created": {
                    "name": "201 Created",
                    "path": "::201 Created",
                    "id": "728dcd977aae263ca314731145e1d447",
                    "passes": 0,
                    "fails": 4001
                },
                "204 No Content": {
                    "name": "204 No Content",
                    "path": "::204 No Content",
                    "id": "54fa3c2eda34e1622fda2da5e0479fc5",
                    "passes": 0,
                    "fails": 4001
                },
                "400 Bad Request": {
                    "name": "400 Bad Request",
                    "path": "::400 Bad Request",
                    "id": "eeae81934b9b58bccaf0184a6d070338",
                    "passes": 0,
                    "fails": 4001
                },
                "401 Unauthorized": {
                    "passes": 0,
                    "fails": 4001,
                    "name": "401 Unauthorized",
                    "path": "::401 Unauthorized",
                    "id": "6ae9254e6aefe7f0bafe5102fa7e20a5"
                },
                "403 Forbidden": {
                    "name": "403 Forbidden",
                    "path": "::403 Forbidden",
                    "id": "655548b761742c5a7ad15aa7df3a5d9c",
                    "passes": 0,
                    "fails": 4001
                },
                "404 Not Found": {
                    "name": "404 Not Found",
                    "path": "::404 Not Found",
                    "id": "df1528f9925ca236bac51008f77b774a",
                    "passes": 0,
                    "fails": 4001
                },
                "422 Unprocessable Content": {
                    "name": "422 Unprocessable Content",
                    "path": "::422 Unprocessable Content",
                    "id": "d94c37ab64a32602add978a71bd22822",
                    "passes": 0,
                    "fails": 4001
                },
                "429 Too Many Requests": {
                    "name": "429 Too Many Requests",
                    "path": "::429 Too Many Requests",
                    "id": "b810c35b9499cc7342fd415032e3a6aa",
                    "passes": 0,
                    "fails": 4001
                },
                "500 Internal Server Error": {
                    "name": "500 Internal Server Error",
                    "path": "::500 Internal Server Error",
                    "id": "3cd96245b24e869810efe46d533b0eef",
                    "passes": 916,
                    "fails": 3085
                },
                "502 Bad Gateway": {
                    "name": "502 Bad Gateway",
                    "path": "::502 Bad Gateway",
                    "id": "712cb0ec189a11f31f0d6d0c0031b569",
                    "passes": 0,
                    "fails": 4001
                },
                "503 Service Unavailable": {
                    "name": "503 Service Unavailable",
                    "path": "::503 Service Unavailable",
                    "id": "f1ea1a22be0dc738c385523a66ea1cd9",
                    "passes": 0,
                    "fails": 4001
                },
                "504 Gateway Timeout": {
                    "name": "504 Gateway Timeout",
                    "path": "::504 Gateway Timeout",
                    "id": "218efb729cb654723ccd57c6ebbebe29",
                    "passes": 0,
                    "fails": 4001
                }
            },
        "name": "",
        "path": ""
    }
}